{"cameraMode":{"drawMode":0,"name":"Shaded","section":"Shading Mode"},"sceneLighting":true,"audioPlay":false,"sceneViewState":{"m_AlwaysRefresh":false,"showFog":true,"showSkybox":true,"showFlares":true,"showImageEffects":true,"showParticleSystems":true,"showVisualEffectGraphs":true,"m_FxEnabled":true},"in2DMode":false,"pivot":{"x":8.762603759765625,"y":9.950915336608887,"z":3.540647506713867},"rotation":{"x":0.08337123692035675,"y":-0.11186748743057251,"z":0.009419270791113377,"w":0.9901796579360962},"size":13.626572608947754,"orthographic":true}