{"cameraMode":{"drawMode":0,"name":"Shaded","section":"Shading Mode"},"sceneLighting":true,"audioPlay":false,"sceneViewState":{"m_AlwaysRefresh":false,"showFog":true,"showSkybox":true,"showFlares":true,"showImageEffects":true,"showParticleSystems":true,"showVisualEffectGraphs":true,"m_FxEnabled":true},"in2DMode":false,"pivot":{"x":5.4493255615234379,"y":19.818078994750978,"z":-12.282586097717286},"rotation":{"x":-0.008551490493118763,"y":-0.9226171374320984,"z":0.3850812017917633,"w":-0.02048896998167038},"size":12.12435531616211,"orthographic":false}